Date,Code,Open,High,Low,Close,UpperLimit,LowerLimit,Volume,TurnoverValue,AdjustmentFactor,AdjustmentOpen,AdjustmentHigh,AdjustmentLow,AdjustmentClose,AdjustmentVolume
2023-06-20,13010,3640.0,3655.0,3635.0,3655.0,0,0,15300.0,55743500.0,1.0,3640.0,3655.0,3635.0,3655.0,15300.0
2023-06-21,13010,3655.0,3680.0,3655.0,3675.0,0,0,19600.0,71973500.0,1.0,3655.0,3680.0,3655.0,3675.0,19600.0
2023-06-22,13010,3675.0,3685.0,3665.0,3665.0,0,0,21700.0,79703500.0,1.0,3675.0,3685.0,3665.0,3665.0,21700.0
2023-06-23,13010,3660.0,3670.0,3625.0,3635.0,0,0,29500.0,107447500.0,1.0,3660.0,3670.0,3625.0,3635.0,29500.0
2023-06-26,13010,3645.0,3645.0,3600.0,3605.0,0,0,23400.0,84706000.0,1.0,3645.0,3645.0,3600.0,3605.0,23400.0
2023-06-27,13010,3600.0,3615.0,3575.0,3605.0,0,0,17500.0,62957500.0,1.0,3600.0,3615.0,3575.0,3605.0,17500.0
2023-06-28,13010,3615.0,3650.0,3610.0,3650.0,0,0,20300.0,73805000.0,1.0,3615.0,3650.0,3610.0,3650.0,20300.0
2023-06-29,13010,3650.0,3660.0,3620.0,3635.0,0,0,16800.0,61054000.0,1.0,3650.0,3660.0,3620.0,3635.0,16800.0
2023-06-30,13010,3650.0,3650.0,3600.0,3615.0,0,0,27700.0,100062000.0,1.0,3650.0,3650.0,3600.0,3615.0,27700.0
2023-07-03,13010,3620.0,3655.0,3620.0,3650.0,0,0,12500.0,45537500.0,1.0,3620.0,3655.0,3620.0,3650.0,12500.0
2023-07-04,13010,3640.0,3650.0,3635.0,3635.0,0,0,14300.0,52042500.0,1.0,3640.0,3650.0,3635.0,3635.0,14300.0
2023-07-05,13010,3615.0,3620.0,3600.0,3610.0,0,0,16500.0,59571500.0,1.0,3615.0,3620.0,3600.0,3610.0,16500.0
2023-07-06,13010,3610.0,3630.0,3595.0,3600.0,0,0,22300.0,80460000.0,1.0,3610.0,3630.0,3595.0,3600.0,22300.0
2023-07-07,13010,3620.0,3630.0,3590.0,3610.0,0,0,30600.0,110538000.0,1.0,3620.0,3630.0,3590.0,3610.0,30600.0
2023-07-10,13010,3635.0,3645.0,3615.0,3620.0,0,0,27500.0,99739000.0,1.0,3635.0,3645.0,3615.0,3620.0,27500.0
2023-07-11,13010,3645.0,3645.0,3600.0,3610.0,0,0,15000.0,54288500.0,1.0,3645.0,3645.0,3600.0,3610.0,15000.0
2023-07-12,13010,3610.0,3645.0,3610.0,3625.0,0,0,14500.0,52633000.0,1.0,3610.0,3645.0,3610.0,3625.0,14500.0
2023-07-13,13010,3625.0,3625.0,3595.0,3610.0,0,0,16300.0,58825500.0,1.0,3625.0,3625.0,3595.0,3610.0,16300.0
2023-07-14,13010,3605.0,3620.0,3595.0,3605.0,0,0,22400.0,80683000.0,1.0,3605.0,3620.0,3595.0,3605.0,22400.0
2023-07-18,13010,3610.0,3645.0,3610.0,3640.0,0,0,17400.0,63192500.0,1.0,3610.0,3645.0,3610.0,3640.0,17400.0
2023-07-19,13010,3650.0,3655.0,3620.0,3630.0,0,0,20400.0,74205000.0,1.0,3650.0,3655.0,3620.0,3630.0,20400.0
2023-07-20,13010,3645.0,3660.0,3635.0,3645.0,0,0,16800.0,61273500.0,1.0,3645.0,3660.0,3635.0,3645.0,16800.0
2023-07-21,13010,3635.0,3665.0,3635.0,3655.0,0,0,11000.0,40172000.0,1.0,3635.0,3665.0,3635.0,3655.0,11000.0
2023-07-24,13010,3675.0,3675.0,3655.0,3675.0,0,0,13700.0,50244500.0,1.0,3675.0,3675.0,3655.0,3675.0,13700.0
2023-07-25,13010,3675.0,3675.0,3660.0,3660.0,0,0,9000.0,32999500.0,1.0,3675.0,3675.0,3660.0,3660.0,9000.0
2023-07-26,13010,3655.0,3680.0,3645.0,3665.0,0,0,12800.0,46867500.0,1.0,3655.0,3680.0,3645.0,3665.0,12800.0
2023-07-27,13010,3675.0,3690.0,3660.0,3690.0,0,0,17800.0,65431000.0,1.0,3675.0,3690.0,3660.0,3690.0,17800.0
2023-07-28,13010,3680.0,3720.0,3660.0,3705.0,0,0,34200.0,126401500.0,1.0,3680.0,3720.0,3660.0,3705.0,34200.0
2023-07-31,13010,3745.0,3775.0,3735.0,3755.0,0,0,33000.0,123980500.0,1.0,3745.0,3775.0,3735.0,3755.0,33000.0
2023-08-01,13010,3760.0,3770.0,3745.0,3765.0,0,0,15500.0,58240500.0,1.0,3760.0,3770.0,3745.0,3765.0,15500.0
2023-08-02,13010,3750.0,3760.0,3715.0,3730.0,0,0,19600.0,73184500.0,1.0,3750.0,3760.0,3715.0,3730.0,19600.0
2023-08-03,13010,3710.0,3715.0,3685.0,3700.0,0,0,23000.0,85161500.0,1.0,3710.0,3715.0,3685.0,3700.0,23000.0
2023-08-04,13010,3695.0,3750.0,3625.0,3695.0,0,0,37400.0,138225500.0,1.0,3695.0,3750.0,3625.0,3695.0,37400.0
2023-08-07,13010,3680.0,3695.0,3665.0,3695.0,0,0,12700.0,46806500.0,1.0,3680.0,3695.0,3665.0,3695.0,12700.0
2023-08-08,13010,3700.0,3760.0,3700.0,3760.0,0,0,16800.0,62853500.0,1.0,3700.0,3760.0,3700.0,3760.0,16800.0
2023-08-09,13010,3750.0,3770.0,3735.0,3770.0,0,0,12100.0,45453500.0,1.0,3750.0,3770.0,3735.0,3770.0,12100.0
2023-08-10,13010,3770.0,3795.0,3755.0,3795.0,0,0,18400.0,69558000.0,1.0,3770.0,3795.0,3755.0,3795.0,18400.0
2023-08-14,13010,3795.0,3815.0,3755.0,3770.0,0,0,24500.0,92649000.0,1.0,3795.0,3815.0,3755.0,3770.0,24500.0
2023-08-15,13010,3770.0,3785.0,3760.0,3785.0,0,0,11300.0,42683000.0,1.0,3770.0,3785.0,3760.0,3785.0,11300.0
2023-08-16,13010,3750.0,3800.0,3750.0,3785.0,0,0,12300.0,46464500.0,1.0,3750.0,3800.0,3750.0,3785.0,12300.0
2023-08-17,13010,3785.0,3790.0,3740.0,3760.0,0,0,12200.0,45867000.0,1.0,3785.0,3790.0,3740.0,3760.0,12200.0
2023-08-18,13010,3750.0,3760.0,3735.0,3735.0,0,0,14900.0,55845500.0,1.0,3750.0,3760.0,3735.0,3735.0,14900.0
2023-08-21,13010,3745.0,3770.0,3730.0,3755.0,0,0,15300.0,57367000.0,1.0,3745.0,3770.0,3730.0,3755.0,15300.0
2023-08-22,13010,3760.0,3780.0,3740.0,3780.0,0,0,13400.0,50417500.0,1.0,3760.0,3780.0,3740.0,3780.0,13400.0
2023-08-23,13010,3770.0,3790.0,3755.0,3790.0,0,0,8800.0,33206000.0,1.0,3770.0,3790.0,3755.0,3790.0,8800.0
2023-08-24,13010,3775.0,3785.0,3760.0,3775.0,0,0,13900.0,52478500.0,1.0,3775.0,3785.0,3760.0,3775.0,13900.0
2023-08-25,13010,3745.0,3785.0,3745.0,3755.0,0,0,14200.0,53434500.0,1.0,3745.0,3785.0,3745.0,3755.0,14200.0
2023-08-28,13010,3755.0,3795.0,3755.0,3790.0,0,0,16800.0,63476000.0,1.0,3755.0,3795.0,3755.0,3790.0,16800.0
2023-08-29,13010,3790.0,3805.0,3780.0,3795.0,0,0,9700.0,36815500.0,1.0,3790.0,3805.0,3780.0,3795.0,9700.0
2023-08-30,13010,3810.0,3815.0,3790.0,3795.0,0,0,11600.0,44106500.0,1.0,3810.0,3815.0,3790.0,3795.0,11600.0
2023-08-31,13010,3800.0,3815.0,3795.0,3800.0,0,0,11000.0,41834500.0,1.0,3800.0,3815.0,3795.0,3800.0,11000.0
2023-09-01,13010,3810.0,3845.0,3800.0,3825.0,0,0,16400.0,62751500.0,1.0,3810.0,3845.0,3800.0,3825.0,16400.0
2023-09-04,13010,3840.0,3870.0,3825.0,3870.0,0,0,19900.0,76783500.0,1.0,3840.0,3870.0,3825.0,3870.0,19900.0
2023-09-05,13010,3890.0,3890.0,3860.0,3890.0,0,0,17900.0,69490500.0,1.0,3890.0,3890.0,3860.0,3890.0,17900.0
2023-09-06,13010,3865.0,3920.0,3865.0,3915.0,0,0,20900.0,81472000.0,1.0,3865.0,3920.0,3865.0,3915.0,20900.0
2023-09-07,13010,3900.0,4020.0,3900.0,3990.0,0,0,41800.0,166387500.0,1.0,3900.0,4020.0,3900.0,3990.0,41800.0
2023-09-08,13010,3980.0,4010.0,3955.0,4010.0,0,0,31200.0,124511000.0,1.0,3980.0,4010.0,3955.0,4010.0,31200.0
2023-09-11,13010,4010.0,4035.0,3980.0,3995.0,0,0,17800.0,71253000.0,1.0,4010.0,4035.0,3980.0,3995.0,17800.0
2023-09-12,13010,4000.0,4060.0,4000.0,4060.0,0,0,23100.0,93075000.0,1.0,4000.0,4060.0,4000.0,4060.0,23100.0
2023-09-13,13010,4060.0,4065.0,4025.0,4025.0,0,0,16400.0,66266500.0,1.0,4060.0,4065.0,4025.0,4025.0,16400.0
2023-09-14,13010,4010.0,4045.0,4010.0,4040.0,0,0,14300.0,57689000.0,1.0,4010.0,4045.0,4010.0,4040.0,14300.0
2023-09-15,13010,4040.0,4055.0,4025.0,4030.0,0,0,21300.0,86003500.0,1.0,4040.0,4055.0,4025.0,4030.0,21300.0
2023-09-19,13010,4035.0,4065.0,4035.0,4065.0,0,0,16000.0,64826000.0,1.0,4035.0,4065.0,4035.0,4065.0,16000.0
2023-09-20,13010,4080.0,4090.0,3990.0,3995.0,0,0,23300.0,93643000.0,1.0,4080.0,4090.0,3990.0,3995.0,23300.0
2023-09-21,13010,3990.0,4020.0,3970.0,3970.0,0,0,11300.0,45039000.0,1.0,3990.0,4020.0,3970.0,3970.0,11300.0
2023-09-22,13010,3955.0,3970.0,3930.0,3950.0,0,0,15600.0,61609000.0,1.0,3955.0,3970.0,3930.0,3950.0,15600.0
2023-09-25,13010,3950.0,4000.0,3950.0,3995.0,0,0,10200.0,40644000.0,1.0,3950.0,4000.0,3950.0,3995.0,10200.0
2023-09-26,13010,3970.0,4015.0,3970.0,3990.0,0,0,11900.0,47499000.0,1.0,3970.0,4015.0,3970.0,3990.0,11900.0
2023-09-27,13010,3975.0,4025.0,3940.0,4020.0,0,0,22400.0,89587500.0,1.0,3975.0,4025.0,3940.0,4020.0,22400.0
2023-09-28,13010,4040.0,4065.0,4000.0,4015.0,0,0,26800.0,108067000.0,1.0,4040.0,4065.0,4000.0,4015.0,26800.0
2023-09-29,13010,4015.0,4015.0,3910.0,3940.0,0,0,26500.0,104462000.0,1.0,4015.0,4015.0,3910.0,3940.0,26500.0
2023-10-02,13010,3940.0,3970.0,3900.0,3900.0,0,0,16400.0,64409500.0,1.0,3940.0,3970.0,3900.0,3900.0,16400.0
2023-10-03,13010,3880.0,3885.0,3825.0,3825.0,0,0,16800.0,64684500.0,1.0,3880.0,3885.0,3825.0,3825.0,16800.0
2023-10-04,13010,3825.0,3830.0,3770.0,3780.0,0,0,25200.0,95625000.0,1.0,3825.0,3830.0,3770.0,3780.0,25200.0
2023-10-05,13010,3785.0,3880.0,3785.0,3880.0,0,0,17400.0,67093000.0,1.0,3785.0,3880.0,3785.0,3880.0,17400.0
2023-10-06,13010,3890.0,3930.0,3875.0,3895.0,0,0,10000.0,39054000.0,1.0,3890.0,3930.0,3875.0,3895.0,10000.0
2023-10-10,13010,3895.0,3940.0,3895.0,3925.0,0,0,13100.0,51380000.0,1.0,3895.0,3940.0,3895.0,3925.0,13100.0
2023-10-11,13010,3905.0,3905.0,3845.0,3865.0,0,0,19800.0,76556500.0,1.0,3905.0,3905.0,3845.0,3865.0,19800.0
2023-10-12,13010,3865.0,3865.0,3825.0,3845.0,0,0,11800.0,45335000.0,1.0,3865.0,3865.0,3825.0,3845.0,11800.0
2023-10-13,13010,3830.0,3830.0,3790.0,3810.0,0,0,15400.0,58679500.0,1.0,3830.0,3830.0,3790.0,3810.0,15400.0
2023-10-16,13010,3805.0,3820.0,3770.0,3780.0,0,0,12800.0,48543500.0,1.0,3805.0,3820.0,3770.0,3780.0,12800.0
2023-10-17,13010,3785.0,3805.0,3750.0,3750.0,0,0,19400.0,73219000.0,1.0,3785.0,3805.0,3750.0,3750.0,19400.0
2023-10-18,13010,3765.0,3765.0,3720.0,3745.0,0,0,15800.0,59089000.0,1.0,3765.0,3765.0,3720.0,3745.0,15800.0
2023-10-19,13010,3700.0,3745.0,3700.0,3730.0,0,0,14200.0,52938000.0,1.0,3700.0,3745.0,3700.0,3730.0,14200.0
2023-10-20,13010,3735.0,3760.0,3720.0,3750.0,0,0,11800.0,44167000.0,1.0,3735.0,3760.0,3720.0,3750.0,11800.0
2023-10-23,13010,3750.0,3755.0,3705.0,3705.0,0,0,17300.0,64335500.0,1.0,3750.0,3755.0,3705.0,3705.0,17300.0
2023-10-24,13010,3705.0,3705.0,3640.0,3695.0,0,0,25900.0,95222000.0,1.0,3705.0,3705.0,3640.0,3695.0,25900.0
2023-10-25,13010,3740.0,3755.0,3710.0,3730.0,0,0,11400.0,42562500.0,1.0,3740.0,3755.0,3710.0,3730.0,11400.0
2023-10-26,13010,3730.0,3760.0,3730.0,3750.0,0,0,10000.0,37446000.0,1.0,3730.0,3760.0,3730.0,3750.0,10000.0
2023-10-27,13010,3770.0,3815.0,3770.0,3810.0,0,0,22300.0,84691000.0,1.0,3770.0,3815.0,3770.0,3810.0,22300.0
2023-10-30,13010,3810.0,3810.0,3720.0,3760.0,0,0,21500.0,80787000.0,1.0,3810.0,3810.0,3720.0,3760.0,21500.0
2023-10-31,13010,3770.0,3840.0,3740.0,3840.0,0,0,18300.0,69541000.0,1.0,3770.0,3840.0,3740.0,3840.0,18300.0
2023-11-01,13010,3850.0,3860.0,3820.0,3840.0,0,0,19000.0,72913500.0,1.0,3850.0,3860.0,3820.0,3840.0,19000.0
2023-11-02,13010,3830.0,3835.0,3800.0,3805.0,0,0,17000.0,64850500.0,1.0,3830.0,3835.0,3800.0,3805.0,17000.0
2023-11-06,13010,3840.0,3845.0,3650.0,3720.0,0,0,76300.0,286438000.0,1.0,3840.0,3845.0,3650.0,3720.0,76300.0
2023-11-07,13010,3700.0,3765.0,3675.0,3740.0,0,0,33200.0,123723000.0,1.0,3700.0,3765.0,3675.0,3740.0,33200.0
2023-11-08,13010,3730.0,3730.0,3660.0,3670.0,0,0,30700.0,113189000.0,1.0,3730.0,3730.0,3660.0,3670.0,30700.0
2023-11-09,13010,3700.0,3735.0,3670.0,3720.0,0,0,14200.0,52634000.0,1.0,3700.0,3735.0,3670.0,3720.0,14200.0
2023-11-10,13010,3720.0,3755.0,3700.0,3740.0,0,0,19000.0,70958000.0,1.0,3720.0,3755.0,3700.0,3740.0,19000.0
2023-11-13,13010,3725.0,3725.0,3690.0,3690.0,0,0,18900.0,70024500.0,1.0,3725.0,3725.0,3690.0,3690.0,18900.0
2023-11-14,13010,3710.0,3750.0,3710.0,3720.0,0,0,11600.0,43285500.0,1.0,3710.0,3750.0,3710.0,3720.0,11600.0
2023-11-15,13010,3735.0,3735.0,3705.0,3720.0,0,0,11500.0,42808500.0,1.0,3735.0,3735.0,3705.0,3720.0,11500.0
2023-11-16,13010,3730.0,3730.0,3700.0,3700.0,0,0,11400.0,42309500.0,1.0,3730.0,3730.0,3700.0,3700.0,11400.0
2023-11-17,13010,3730.0,3755.0,3715.0,3755.0,0,0,11600.0,43376500.0,1.0,3730.0,3755.0,3715.0,3755.0,11600.0
2023-11-20,13010,3755.0,3770.0,3730.0,3730.0,0,0,23900.0,89532500.0,1.0,3755.0,3770.0,3730.0,3730.0,23900.0
2023-11-21,13010,3755.0,3770.0,3730.0,3750.0,0,0,11800.0,44270000.0,1.0,3755.0,3770.0,3730.0,3750.0,11800.0
2023-11-22,13010,3765.0,3795.0,3760.0,3780.0,0,0,11900.0,45031000.0,1.0,3765.0,3795.0,3760.0,3780.0,11900.0
2023-11-24,13010,3790.0,3790.0,3760.0,3790.0,0,0,11300.0,42737000.0,1.0,3790.0,3790.0,3760.0,3790.0,11300.0
2023-11-27,13010,3810.0,3840.0,3795.0,3800.0,0,0,15500.0,59091000.0,1.0,3810.0,3840.0,3795.0,3800.0,15500.0
2023-11-28,13010,3800.0,3835.0,3790.0,3830.0,0,0,12600.0,48123000.0,1.0,3800.0,3835.0,3790.0,3830.0,12600.0
2023-11-29,13010,3835.0,3840.0,3790.0,3795.0,0,0,11800.0,44962500.0,1.0,3835.0,3840.0,3790.0,3795.0,11800.0
2023-11-30,13010,3810.0,3830.0,3780.0,3830.0,0,0,14600.0,55498500.0,1.0,3810.0,3830.0,3780.0,3830.0,14600.0
2023-12-01,13010,3845.0,3850.0,3805.0,3805.0,0,0,15700.0,59949500.0,1.0,3845.0,3850.0,3805.0,3805.0,15700.0
2023-12-04,13010,3800.0,3815.0,3785.0,3795.0,0,0,15000.0,57025000.0,1.0,3800.0,3815.0,3785.0,3795.0,15000.0
2023-12-05,13010,3780.0,3810.0,3780.0,3780.0,0,0,11700.0,44308500.0,1.0,3780.0,3810.0,3780.0,3780.0,11700.0
2023-12-06,13010,3775.0,3820.0,3775.0,3810.0,0,0,15600.0,59346000.0,1.0,3775.0,3820.0,3775.0,3810.0,15600.0
2023-12-07,13010,3795.0,3795.0,3770.0,3780.0,0,0,14300.0,54061500.0,1.0,3795.0,3795.0,3770.0,3780.0,14300.0
2023-12-08,13010,3770.0,3770.0,3670.0,3700.0,0,0,43500.0,161760500.0,1.0,3770.0,3770.0,3670.0,3700.0,43500.0
2023-12-11,13010,3710.0,3785.0,3710.0,3785.0,0,0,20400.0,76591500.0,1.0,3710.0,3785.0,3710.0,3785.0,20400.0
2023-12-12,13010,3800.0,3820.0,3780.0,3795.0,0,0,14300.0,54352000.0,1.0,3800.0,3820.0,3780.0,3795.0,14300.0
2023-12-13,13010,3795.0,3795.0,3760.0,3760.0,0,0,7200.0,27162000.0,1.0,3795.0,3795.0,3760.0,3760.0,7200.0
2023-12-14,13010,3795.0,3795.0,3745.0,3760.0,0,0,21400.0,80560500.0,1.0,3795.0,3795.0,3745.0,3760.0,21400.0
2023-12-15,13010,3750.0,3755.0,3700.0,3725.0,0,0,18400.0,68559500.0,1.0,3750.0,3755.0,3700.0,3725.0,18400.0
2023-12-18,13010,3730.0,3730.0,3670.0,3720.0,0,0,14500.0,53621000.0,1.0,3730.0,3730.0,3670.0,3720.0,14500.0
2023-12-19,13010,3725.0,3745.0,3710.0,3745.0,0,0,12900.0,48155500.0,1.0,3725.0,3745.0,3710.0,3745.0,12900.0
2023-12-20,13010,3755.0,3765.0,3730.0,3730.0,0,0,11500.0,43026500.0,1.0,3755.0,3765.0,3730.0,3730.0,11500.0
2023-12-21,13010,3700.0,3730.0,3700.0,3710.0,0,0,12900.0,47893500.0,1.0,3700.0,3730.0,3700.0,3710.0,12900.0
2023-12-22,13010,3720.0,3750.0,3710.0,3725.0,0,0,13200.0,49162500.0,1.0,3720.0,3750.0,3710.0,3725.0,13200.0
2023-12-25,13010,3740.0,3740.0,3700.0,3715.0,0,0,11200.0,41599000.0,1.0,3740.0,3740.0,3700.0,3715.0,11200.0
2023-12-26,13010,3710.0,3740.0,3710.0,3730.0,0,0,10200.0,38011500.0,1.0,3710.0,3740.0,3710.0,3730.0,10200.0
2023-12-27,13010,3730.0,3760.0,3720.0,3755.0,0,0,19200.0,71790500.0,1.0,3730.0,3760.0,3720.0,3755.0,19200.0
2023-12-28,13010,3770.0,3780.0,3750.0,3770.0,0,0,9900.0,37291000.0,1.0,3770.0,3780.0,3750.0,3770.0,9900.0
2023-12-29,13010,3770.0,3780.0,3745.0,3770.0,0,0,12000.0,45160000.0,1.0,3770.0,3780.0,3745.0,3770.0,12000.0
2024-01-04,13010,3775.0,3825.0,3755.0,3815.0,0,0,21400.0,81210000.0,1.0,3775.0,3825.0,3755.0,3815.0,21400.0
2024-01-05,13010,3830.0,3870.0,3815.0,3850.0,0,0,16800.0,64648500.0,1.0,3830.0,3870.0,3815.0,3850.0,16800.0
2024-01-09,13010,3890.0,3900.0,3865.0,3885.0,0,0,24500.0,95174500.0,1.0,3890.0,3900.0,3865.0,3885.0,24500.0
2024-01-10,13010,3895.0,3940.0,3895.0,3910.0,0,0,26400.0,103488500.0,1.0,3895.0,3940.0,3895.0,3910.0,26400.0
2024-01-11,13010,3935.0,3945.0,3890.0,3890.0,0,0,24000.0,93821000.0,1.0,3935.0,3945.0,3890.0,3890.0,24000.0
2024-01-12,13010,3885.0,3900.0,3865.0,3875.0,0,0,19000.0,73697000.0,1.0,3885.0,3900.0,3865.0,3875.0,19000.0
2024-01-15,13010,3890.0,3925.0,3890.0,3910.0,0,0,15700.0,61372500.0,1.0,3890.0,3925.0,3890.0,3910.0,15700.0
2024-01-16,13010,3910.0,3920.0,3890.0,3900.0,0,0,14400.0,56181500.0,1.0,3910.0,3920.0,3890.0,3900.0,14400.0
2024-01-17,13010,3890.0,3950.0,3885.0,3925.0,0,0,26400.0,103584500.0,1.0,3890.0,3950.0,3885.0,3925.0,26400.0
2024-01-18,13010,3940.0,3940.0,3925.0,3930.0,0,0,14000.0,55069000.0,1.0,3940.0,3940.0,3925.0,3930.0,14000.0
2024-01-19,13010,3945.0,3945.0,3905.0,3915.0,0,0,15500.0,60790000.0,1.0,3945.0,3945.0,3905.0,3915.0,15500.0
2024-01-22,13010,3915.0,3935.0,3915.0,3935.0,0,0,8800.0,34554500.0,1.0,3915.0,3935.0,3915.0,3935.0,8800.0
2024-01-23,13010,3935.0,3945.0,3905.0,3905.0,0,0,18900.0,74148500.0,1.0,3935.0,3945.0,3905.0,3905.0,18900.0
2024-01-24,13010,3905.0,3910.0,3865.0,3875.0,0,0,21300.0,82646500.0,1.0,3905.0,3910.0,3865.0,3875.0,21300.0
2024-01-25,13010,3875.0,3920.0,3870.0,3920.0,0,0,11800.0,46089500.0,1.0,3875.0,3920.0,3870.0,3920.0,11800.0
2024-01-26,13010,3915.0,3915.0,3890.0,3895.0,0,0,14700.0,57323500.0,1.0,3915.0,3915.0,3890.0,3895.0,14700.0
2024-01-29,13010,3895.0,3945.0,3895.0,3945.0,0,0,12800.0,50306500.0,1.0,3895.0,3945.0,3895.0,3945.0,12800.0
2024-01-30,13010,3945.0,3960.0,3920.0,3925.0,0,0,15500.0,61070500.0,1.0,3945.0,3960.0,3920.0,3925.0,15500.0
2024-01-31,13010,3920.0,3960.0,3905.0,3960.0,0,0,18800.0,74059000.0,1.0,3920.0,3960.0,3905.0,3960.0,18800.0
2024-02-01,13010,3955.0,3965.0,3940.0,3960.0,0,0,14700.0,58094000.0,1.0,3955.0,3965.0,3940.0,3960.0,14700.0
2024-02-02,13010,3980.0,4065.0,3935.0,4045.0,0,0,53400.0,214044500.0,1.0,3980.0,4065.0,3935.0,4045.0,53400.0
2024-02-05,13010,4030.0,4070.0,4020.0,4060.0,0,0,45100.0,182632000.0,1.0,4030.0,4070.0,4020.0,4060.0,45100.0
2024-02-06,13010,4070.0,4090.0,4040.0,4070.0,0,0,23600.0,95984500.0,1.0,4070.0,4090.0,4040.0,4070.0,23600.0
2024-02-07,13010,4065.0,4120.0,4060.0,4105.0,0,0,28000.0,114608000.0,1.0,4065.0,4120.0,4060.0,4105.0,28000.0
2024-02-08,13010,4120.0,4120.0,4045.0,4070.0,0,0,26200.0,106803000.0,1.0,4120.0,4120.0,4045.0,4070.0,26200.0
2024-02-09,13010,4055.0,4080.0,4035.0,4035.0,0,0,23700.0,96022000.0,1.0,4055.0,4080.0,4035.0,4035.0,23700.0
2024-02-13,13010,4050.0,4065.0,4020.0,4060.0,0,0,25900.0,104833500.0,1.0,4050.0,4065.0,4020.0,4060.0,25900.0
2024-02-14,13010,3650.0,3675.0,3550.0,3550.0,0,0,1266200.0,4589907000.0,1.0,3650.0,3675.0,3550.0,3550.0,1266200.0
2024-02-15,13010,3510.0,3530.0,3480.0,3485.0,0,0,370900.0,1298642500.0,1.0,3510.0,3530.0,3480.0,3485.0,370900.0
2024-02-16,13010,3500.0,3515.0,3455.0,3470.0,0,0,280400.0,975229000.0,1.0,3500.0,3515.0,3455.0,3470.0,280400.0
2024-02-19,13010,3480.0,3600.0,3480.0,3595.0,0,0,210700.0,748200000.0,1.0,3480.0,3600.0,3480.0,3595.0,210700.0
2024-02-20,13010,3620.0,3630.0,3545.0,3560.0,0,0,222000.0,796264500.0,1.0,3620.0,3630.0,3545.0,3560.0,222000.0
2024-02-21,13010,3570.0,3595.0,3550.0,3590.0,0,0,166700.0,596171500.0,1.0,3570.0,3595.0,3550.0,3590.0,166700.0
2024-02-22,13010,3575.0,3580.0,3530.0,3550.0,0,0,256400.0,910098500.0,1.0,3575.0,3580.0,3530.0,3550.0,256400.0
2024-02-26,13010,3535.0,3545.0,3485.0,3485.0,0,0,739900.0,2591185500.0,1.0,3535.0,3545.0,3485.0,3485.0,739900.0
2024-02-27,13010,3490.0,3550.0,3475.0,3535.0,0,0,776200.0,2717036000.0,1.0,3490.0,3550.0,3475.0,3535.0,776200.0
2024-02-28,13010,3535.0,3555.0,3505.0,3515.0,0,0,125700.0,443734000.0,1.0,3535.0,3555.0,3505.0,3515.0,125700.0
2024-02-29,13010,3545.0,3570.0,3540.0,3565.0,0,0,213200.0,758024000.0,1.0,3545.0,3570.0,3540.0,3565.0,213200.0
2024-03-01,13010,3580.0,3600.0,3520.0,3545.0,0,0,234600.0,833265500.0,1.0,3580.0,3600.0,3520.0,3545.0,234600.0
2024-03-04,13010,3580.0,3580.0,3500.0,3510.0,0,0,1021000.0,3632978000.0,1.0,3580.0,3580.0,3500.0,3510.0,1021000.0
2024-03-05,13010,3525.0,3550.0,3515.0,3530.0,0,0,164500.0,580607500.0,1.0,3525.0,3550.0,3515.0,3530.0,164500.0
2024-03-06,13010,3575.0,3670.0,3560.0,3665.0,0,0,247500.0,895278500.0,1.0,3575.0,3670.0,3560.0,3665.0,247500.0
2024-03-07,13010,3660.0,3690.0,3625.0,3630.0,0,0,106900.0,391026500.0,1.0,3660.0,3690.0,3625.0,3630.0,106900.0
2024-03-08,13010,3635.0,3700.0,3625.0,3700.0,0,0,112800.0,413328000.0,1.0,3635.0,3700.0,3625.0,3700.0,112800.0
2024-03-11,13010,3700.0,3700.0,3620.0,3655.0,0,0,116700.0,426739500.0,1.0,3700.0,3700.0,3620.0,3655.0,116700.0
2024-03-12,13010,3660.0,3660.0,3600.0,3635.0,0,0,79200.0,287465500.0,1.0,3660.0,3660.0,3600.0,3635.0,79200.0
2024-03-13,13010,3660.0,3675.0,3615.0,3630.0,0,0,60800.0,221227500.0,1.0,3660.0,3675.0,3615.0,3630.0,60800.0
2024-03-14,13010,3650.0,3695.0,3635.0,3695.0,0,0,49100.0,180116500.0,1.0,3650.0,3695.0,3635.0,3695.0,49100.0
2024-03-15,13010,3690.0,3725.0,3690.0,3705.0,0,0,61500.0,228010500.0,1.0,3690.0,3725.0,3690.0,3705.0,61500.0
2024-03-18,13010,3755.0,3760.0,3725.0,3750.0,0,0,87600.0,328214000.0,1.0,3755.0,3760.0,3725.0,3750.0,87600.0
2024-03-19,13010,3760.0,3800.0,3745.0,3790.0,0,0,73400.0,277147000.0,1.0,3760.0,3800.0,3745.0,3790.0,73400.0
2024-03-21,13010,3800.0,3810.0,3780.0,3805.0,0,0,80500.0,305864500.0,1.0,3800.0,3810.0,3780.0,3805.0,80500.0
2024-03-22,13010,3820.0,3845.0,3790.0,3845.0,0,0,85500.0,326965500.0,1.0,3820.0,3845.0,3790.0,3845.0,85500.0
2024-03-25,13010,3865.0,3885.0,3820.0,3860.0,0,0,159700.0,616759000.0,1.0,3865.0,3885.0,3820.0,3860.0,159700.0
2024-03-26,13010,3840.0,3850.0,3810.0,3835.0,0,0,139700.0,535880500.0,1.0,3840.0,3850.0,3810.0,3835.0,139700.0
2024-03-27,13010,3845.0,3850.0,3820.0,3835.0,0,0,210100.0,806647500.0,1.0,3845.0,3850.0,3820.0,3835.0,210100.0
2024-03-28,13010,3750.0,3750.0,3685.0,3700.0,0,0,193500.0,718653500.0,1.0,3750.0,3750.0,3685.0,3700.0,193500.0
2024-03-29,13010,3705.0,3745.0,3690.0,3740.0,0,0,67200.0,250078000.0,1.0,3705.0,3745.0,3690.0,3740.0,67200.0
2024-04-01,13010,3740.0,3740.0,3665.0,3670.0,0,0,45400.0,167459500.0,1.0,3740.0,3740.0,3665.0,3670.0,45400.0
2024-04-02,13010,3675.0,3700.0,3650.0,3665.0,0,0,49200.0,180434000.0,1.0,3675.0,3700.0,3650.0,3665.0,49200.0
2024-04-03,13010,3660.0,3690.0,3635.0,3680.0,0,0,37400.0,137202500.0,1.0,3660.0,3690.0,3635.0,3680.0,37400.0
2024-04-04,13010,3690.0,3690.0,3650.0,3675.0,0,0,37400.0,137392000.0,1.0,3690.0,3690.0,3650.0,3675.0,37400.0
2024-04-05,13010,3655.0,3675.0,3645.0,3665.0,0,0,24200.0,88660500.0,1.0,3655.0,3675.0,3645.0,3665.0,24200.0
2024-04-08,13010,3665.0,3695.0,3660.0,3675.0,0,0,48700.0,179141000.0,1.0,3665.0,3695.0,3660.0,3675.0,48700.0
2024-04-09,13010,3670.0,3690.0,3650.0,3690.0,0,0,30400.0,111873000.0,1.0,3670.0,3690.0,3650.0,3690.0,30400.0
2024-04-10,13010,3690.0,3690.0,3670.0,3670.0,0,0,19400.0,71291000.0,1.0,3690.0,3690.0,3670.0,3670.0,19400.0
2024-04-11,13010,3660.0,3685.0,3645.0,3670.0,0,0,24200.0,88746000.0,1.0,3660.0,3685.0,3645.0,3670.0,24200.0
2024-04-12,13010,3680.0,3690.0,3670.0,3680.0,0,0,26800.0,98591000.0,1.0,3680.0,3690.0,3670.0,3680.0,26800.0
2024-04-15,13010,3650.0,3685.0,3645.0,3680.0,0,0,26300.0,96420000.0,1.0,3650.0,3685.0,3645.0,3680.0,26300.0
2024-04-16,13010,3660.0,3660.0,3600.0,3600.0,0,0,41100.0,148697500.0,1.0,3660.0,3660.0,3600.0,3600.0,41100.0
2024-04-17,13010,3605.0,3615.0,3555.0,3570.0,0,0,45300.0,161998000.0,1.0,3605.0,3615.0,3555.0,3570.0,45300.0
2024-04-18,13010,3565.0,3595.0,3565.0,3585.0,0,0,18500.0,66270500.0,1.0,3565.0,3595.0,3565.0,3585.0,18500.0
2024-04-19,13010,3585.0,3585.0,3515.0,3540.0,0,0,57300.0,203125000.0,1.0,3585.0,3585.0,3515.0,3540.0,57300.0
2024-04-22,13010,3595.0,3600.0,3570.0,3590.0,0,0,25700.0,92185500.0,1.0,3595.0,3600.0,3570.0,3590.0,25700.0
2024-04-23,13010,3610.0,3620.0,3595.0,3600.0,0,0,13700.0,49371000.0,1.0,3610.0,3620.0,3595.0,3600.0,13700.0
2024-04-24,13010,3610.0,3615.0,3590.0,3590.0,0,0,30100.0,108327500.0,1.0,3610.0,3615.0,3590.0,3590.0,30100.0
2024-04-25,13010,3605.0,3605.0,3550.0,3550.0,0,0,22100.0,78895000.0,1.0,3605.0,3605.0,3550.0,3550.0,22100.0
2024-04-26,13010,3560.0,3575.0,3535.0,3575.0,0,0,17300.0,61687500.0,1.0,3560.0,3575.0,3535.0,3575.0,17300.0
2024-04-30,13010,3565.0,3620.0,3560.0,3610.0,0,0,26800.0,96360000.0,1.0,3565.0,3620.0,3560.0,3610.0,26800.0
2024-05-01,13010,3585.0,3605.0,3580.0,3585.0,0,0,17500.0,62798500.0,1.0,3585.0,3605.0,3580.0,3585.0,17500.0
2024-05-02,13010,3590.0,3600.0,3575.0,3600.0,0,0,10800.0,38784500.0,1.0,3590.0,3600.0,3575.0,3600.0,10800.0
2024-05-07,13010,3610.0,3615.0,3580.0,3585.0,0,0,18500.0,66457500.0,1.0,3610.0,3615.0,3580.0,3585.0,18500.0
2024-05-08,13010,3595.0,3600.0,3560.0,3570.0,0,0,19200.0,68609000.0,1.0,3595.0,3600.0,3560.0,3570.0,19200.0
2024-05-09,13010,3575.0,3585.0,3555.0,3580.0,0,0,16000.0,57129000.0,1.0,3575.0,3585.0,3555.0,3580.0,16000.0
2024-05-10,13010,3580.0,3920.0,3560.0,3790.0,0,0,241300.0,917795500.0,1.0,3580.0,3920.0,3560.0,3790.0,241300.0
2024-05-13,13010,3790.0,3800.0,3745.0,3760.0,0,0,79100.0,298383000.0,1.0,3790.0,3800.0,3745.0,3760.0,79100.0
2024-05-14,13010,3760.0,3770.0,3715.0,3760.0,0,0,35800.0,133915500.0,1.0,3760.0,3770.0,3715.0,3760.0,35800.0
2024-05-15,13010,3760.0,3770.0,3725.0,3740.0,0,0,23600.0,88337500.0,1.0,3760.0,3770.0,3725.0,3740.0,23600.0
2024-05-16,13010,3725.0,3725.0,3680.0,3705.0,0,0,32900.0,121583000.0,1.0,3725.0,3725.0,3680.0,3705.0,32900.0
2024-05-17,13010,3685.0,3740.0,3685.0,3730.0,0,0,18800.0,69915500.0,1.0,3685.0,3740.0,3685.0,3730.0,18800.0
2024-05-20,13010,3745.0,3765.0,3740.0,3750.0,0,0,19600.0,73520500.0,1.0,3745.0,3765.0,3740.0,3750.0,19600.0
2024-05-21,13010,3740.0,3785.0,3740.0,3740.0,0,0,21700.0,81559000.0,1.0,3740.0,3785.0,3740.0,3740.0,21700.0
2024-05-22,13010,3740.0,3750.0,3715.0,3720.0,0,0,18400.0,68580000.0,1.0,3740.0,3750.0,3715.0,3720.0,18400.0
2024-05-23,13010,3710.0,3720.0,3690.0,3715.0,0,0,13600.0,50455000.0,1.0,3710.0,3720.0,3690.0,3715.0,13600.0
2024-05-24,13010,3695.0,3720.0,3690.0,3710.0,0,0,11800.0,43741500.0,1.0,3695.0,3720.0,3690.0,3710.0,11800.0
2024-05-27,13010,3715.0,3730.0,3705.0,3725.0,0,0,8400.0,31231000.0,1.0,3715.0,3730.0,3705.0,3725.0,8400.0
2024-05-28,13010,3725.0,3725.0,3705.0,3720.0,0,0,11000.0,40860500.0,1.0,3725.0,3725.0,3705.0,3720.0,11000.0
2024-05-29,13010,3720.0,3740.0,3705.0,3705.0,0,0,27900.0,103714000.0,1.0,3720.0,3740.0,3705.0,3705.0,27900.0
2024-05-30,13010,3700.0,3725.0,3680.0,3725.0,0,0,27100.0,100456000.0,1.0,3700.0,3725.0,3680.0,3725.0,27100.0
2024-05-31,13010,3725.0,3775.0,3725.0,3775.0,0,0,49100.0,184630500.0,1.0,3725.0,3775.0,3725.0,3775.0,49100.0
2024-06-03,13010,3800.0,3850.0,3800.0,3820.0,0,0,51600.0,197238500.0,1.0,3800.0,3850.0,3800.0,3820.0,51600.0
2024-06-04,13010,3835.0,3850.0,3820.0,3840.0,0,0,34500.0,132396000.0,1.0,3835.0,3850.0,3820.0,3840.0,34500.0
2024-06-05,13010,3845.0,3860.0,3835.0,3850.0,0,0,47100.0,181259000.0,1.0,3845.0,3860.0,3835.0,3850.0,47100.0
2024-06-06,13010,3840.0,3855.0,3815.0,3840.0,0,0,24700.0,94897500.0,1.0,3840.0,3855.0,3815.0,3840.0,24700.0
2024-06-07,13010,3840.0,3840.0,3790.0,3830.0,0,0,21800.0,83126000.0,1.0,3840.0,3840.0,3790.0,3830.0,21800.0
2024-06-10,13010,3825.0,3855.0,3825.0,3845.0,0,0,17600.0,67633000.0,1.0,3825.0,3855.0,3825.0,3845.0,17600.0
2024-06-11,13010,3845.0,3865.0,3820.0,3820.0,0,0,21800.0,83707500.0,1.0,3845.0,3865.0,3820.0,3820.0,21800.0
2024-06-12,13010,3835.0,3845.0,3805.0,3830.0,0,0,26300.0,100494500.0,1.0,3835.0,3845.0,3805.0,3830.0,26300.0
2024-06-13,13010,3845.0,3845.0,3780.0,3780.0,0,0,18300.0,69509000.0,1.0,3845.0,3845.0,3780.0,3780.0,18300.0
2024-06-14,13010,3775.0,3850.0,3770.0,3850.0,0,0,34300.0,130876500.0,1.0,3775.0,3850.0,3770.0,3850.0,34300.0
2024-06-17,13010,3860.0,3865.0,3820.0,3865.0,0,0,42900.0,165224000.0,1.0,3860.0,3865.0,3820.0,3865.0,42900.0
2024-06-18,13010,3880.0,3930.0,3855.0,3915.0,0,0,50900.0,198548000.0,1.0,3880.0,3930.0,3855.0,3915.0,50900.0
2024-06-19,13010,3905.0,3970.0,3905.0,3965.0,0,0,37300.0,147209000.0,1.0,3905.0,3970.0,3905.0,3965.0,37300.0
2024-06-20,13010,3980.0,4005.0,3950.0,3970.0,0,0,45800.0,182466500.0,1.0,3980.0,4005.0,3950.0,3970.0,45800.0
2024-06-21,13010,3950.0,3980.0,3950.0,3950.0,0,0,34400.0,136201000.0,1.0,3950.0,3980.0,3950.0,3950.0,34400.0
2024-06-24,13010,3950.0,4010.0,3950.0,4005.0,0,0,60100.0,240276500.0,1.0,3950.0,4010.0,3950.0,4005.0,60100.0
2024-06-25,13010,4010.0,4115.0,4010.0,4115.0,0,0,99400.0,405746000.0,1.0,4010.0,4115.0,4010.0,4115.0,99400.0
2024-06-26,13010,4100.0,4115.0,4085.0,4110.0,0,0,36300.0,148934500.0,1.0,4100.0,4115.0,4085.0,4110.0,36300.0
2024-06-27,13010,4115.0,4170.0,4115.0,4170.0,0,0,63300.0,262200500.0,1.0,4115.0,4170.0,4115.0,4170.0,63300.0
2024-06-28,13010,4175.0,4175.0,4085.0,4085.0,0,0,33200.0,136610500.0,1.0,4175.0,4175.0,4085.0,4085.0,33200.0
2024-07-01,13010,4140.0,4140.0,4055.0,4075.0,0,0,32400.0,132181000.0,1.0,4140.0,4140.0,4055.0,4075.0,32400.0
2024-07-02,13010,4085.0,4085.0,4040.0,4050.0,0,0,23600.0,95782500.0,1.0,4085.0,4085.0,4040.0,4050.0,23600.0
2024-07-03,13010,4035.0,4060.0,4030.0,4040.0,0,0,13700.0,55377000.0,1.0,4035.0,4060.0,4030.0,4040.0,13700.0
2024-07-04,13010,4070.0,4085.0,4060.0,4085.0,0,0,15300.0,62385000.0,1.0,4070.0,4085.0,4060.0,4085.0,15300.0
2024-07-05,13010,4120.0,4140.0,4045.0,4045.0,0,0,30300.0,123853500.0,1.0,4120.0,4140.0,4045.0,4045.0,30300.0
2024-07-08,13010,4045.0,4070.0,4045.0,4065.0,0,0,16200.0,65727500.0,1.0,4045.0,4070.0,4045.0,4065.0,16200.0
2024-07-09,13010,4065.0,4090.0,4025.0,4060.0,0,0,34100.0,138257500.0,1.0,4065.0,4090.0,4025.0,4060.0,34100.0
2024-07-10,13010,4060.0,4065.0,4010.0,4020.0,0,0,18200.0,73319500.0,1.0,4060.0,4065.0,4010.0,4020.0,18200.0
2024-07-11,13010,4040.0,4055.0,4015.0,4045.0,0,0,24400.0,98454500.0,1.0,4040.0,4055.0,4015.0,4045.0,24400.0
2024-07-12,13010,4040.0,4080.0,4020.0,4025.0,0,0,17400.0,70464000.0,1.0,4040.0,4080.0,4020.0,4025.0,17400.0
2024-07-16,13010,4035.0,4065.0,4030.0,4030.0,0,0,14100.0,56997500.0,1.0,4035.0,4065.0,4030.0,4030.0,14100.0
2024-07-17,13010,4040.0,4075.0,4040.0,4075.0,0,0,13800.0,56103000.0,1.0,4040.0,4075.0,4040.0,4075.0,13800.0
2024-07-18,13010,4025.0,4115.0,4025.0,4080.0,0,0,23800.0,97124000.0,1.0,4025.0,4115.0,4025.0,4080.0,23800.0
2024-07-19,13010,4095.0,4110.0,4050.0,4090.0,0,0,18400.0,75114000.0,1.0,4095.0,4110.0,4050.0,4090.0,18400.0
2024-07-22,13010,4100.0,4100.0,4055.0,4055.0,0,0,14900.0,60750500.0,1.0,4100.0,4100.0,4055.0,4055.0,14900.0
2024-07-23,13010,4055.0,4075.0,4045.0,4050.0,0,0,16200.0,65735000.0,1.0,4055.0,4075.0,4045.0,4050.0,16200.0
2024-07-24,13010,4070.0,4080.0,3970.0,3990.0,0,0,26400.0,105715500.0,1.0,4070.0,4080.0,3970.0,3990.0,26400.0
2024-07-25,13010,3930.0,3995.0,3930.0,3965.0,0,0,34700.0,137680500.0,1.0,3930.0,3995.0,3930.0,3965.0,34700.0
2024-07-26,13010,3980.0,3980.0,3935.0,3975.0,0,0,25700.0,101858500.0,1.0,3980.0,3980.0,3935.0,3975.0,25700.0
2024-07-29,13010,3995.0,4050.0,3980.0,4050.0,0,0,15700.0,63272500.0,1.0,3995.0,4050.0,3980.0,4050.0,15700.0
2024-07-30,13010,4055.0,4055.0,3985.0,3995.0,0,0,16300.0,65274500.0,1.0,4055.0,4055.0,3985.0,3995.0,16300.0
2024-07-31,13010,3980.0,4055.0,3955.0,4055.0,0,0,16300.0,65557000.0,1.0,3980.0,4055.0,3955.0,4055.0,16300.0
2024-08-01,13010,4025.0,4025.0,3910.0,3925.0,0,0,34200.0,134823500.0,1.0,4025.0,4025.0,3910.0,3925.0,34200.0
2024-08-02,13010,3860.0,3880.0,3760.0,3760.0,0,0,50500.0,191937000.0,1.0,3860.0,3880.0,3760.0,3760.0,50500.0
2024-08-05,13010,3610.0,3780.0,3400.0,3450.0,0,0,105000.0,375630000.0,1.0,3610.0,3780.0,3400.0,3450.0,105000.0
2024-08-06,13010,3855.0,3855.0,3605.0,3665.0,0,0,50100.0,185451000.0,1.0,3855.0,3855.0,3605.0,3665.0,50100.0
2024-08-07,13010,3630.0,3755.0,3600.0,3650.0,0,0,38600.0,142137500.0,1.0,3630.0,3755.0,3600.0,3650.0,38600.0
2024-08-08,13010,3635.0,3690.0,3630.0,3645.0,0,0,23400.0,85473500.0,1.0,3635.0,3690.0,3630.0,3645.0,23400.0
2024-08-09,13010,3690.0,3720.0,3630.0,3675.0,0,0,31700.0,116678500.0,1.0,3690.0,3720.0,3630.0,3675.0,31700.0
2024-08-13,13010,3740.0,3800.0,3740.0,3795.0,0,0,22300.0,84170500.0,1.0,3740.0,3800.0,3740.0,3795.0,22300.0
2024-08-14,13010,3820.0,3855.0,3800.0,3835.0,0,0,27100.0,103694000.0,1.0,3820.0,3855.0,3800.0,3835.0,27100.0
2024-08-15,13010,3805.0,3875.0,3805.0,3865.0,0,0,13900.0,53537500.0,1.0,3805.0,3875.0,3805.0,3865.0,13900.0
2024-08-16,13010,3935.0,3950.0,3855.0,3910.0,0,0,30600.0,119686500.0,1.0,3935.0,3950.0,3855.0,3910.0,30600.0
2024-08-19,13010,3940.0,3965.0,3905.0,3910.0,0,0,17100.0,67218000.0,1.0,3940.0,3965.0,3905.0,3910.0,17100.0
2024-08-20,13010,3940.0,3940.0,3910.0,3915.0,0,0,11500.0,45135000.0,1.0,3940.0,3940.0,3910.0,3915.0,11500.0
2024-08-21,13010,3905.0,3915.0,3880.0,3885.0,0,0,11500.0,44814500.0,1.0,3905.0,3915.0,3880.0,3885.0,11500.0
2024-08-22,13010,3885.0,3895.0,3865.0,3895.0,0,0,7900.0,30669500.0,1.0,3885.0,3895.0,3865.0,3895.0,7900.0
2024-08-23,13010,3890.0,3925.0,3885.0,3920.0,0,0,12400.0,48441000.0,1.0,3890.0,3925.0,3885.0,3920.0,12400.0
2024-08-26,13010,3930.0,4040.0,3930.0,4035.0,0,0,43800.0,175279000.0,1.0,3930.0,4040.0,3930.0,4035.0,43800.0
2024-08-27,13010,4035.0,4075.0,4010.0,4060.0,0,0,19800.0,80253500.0,1.0,4035.0,4075.0,4010.0,4060.0,19800.0
2024-08-28,13010,4070.0,4070.0,4030.0,4065.0,0,0,12700.0,51456000.0,1.0,4070.0,4070.0,4030.0,4065.0,12700.0
2024-08-29,13010,4070.0,4070.0,4005.0,4010.0,0,0,12900.0,51938500.0,1.0,4070.0,4070.0,4005.0,4010.0,12900.0
2024-08-30,13010,3995.0,4015.0,3970.0,3985.0,0,0,16700.0,66567500.0,1.0,3995.0,4015.0,3970.0,3985.0,16700.0
2024-09-02,13010,3985.0,4005.0,3955.0,4000.0,0,0,15800.0,62906000.0,1.0,3985.0,4005.0,3955.0,4000.0,15800.0
2024-09-03,13010,4000.0,4035.0,4000.0,4030.0,0,0,13800.0,55500500.0,1.0,4000.0,4035.0,4000.0,4030.0,13800.0
2024-09-04,13010,3960.0,3985.0,3905.0,3915.0,0,0,30200.0,118723500.0,1.0,3960.0,3985.0,3905.0,3915.0,30200.0
2024-09-05,13010,3930.0,4010.0,3910.0,3995.0,0,0,26000.0,103345000.0,1.0,3930.0,4010.0,3910.0,3995.0,26000.0
2024-09-06,13010,4040.0,4130.0,4005.0,4060.0,0,0,51100.0,208543000.0,1.0,4040.0,4130.0,4005.0,4060.0,51100.0
2024-09-09,13010,4010.0,4080.0,3970.0,4075.0,0,0,31600.0,127617500.0,1.0,4010.0,4080.0,3970.0,4075.0,31600.0
2024-09-10,13010,4075.0,4200.0,4075.0,4190.0,0,0,51700.0,215970000.0,1.0,4075.0,4200.0,4075.0,4190.0,51700.0
2024-09-11,13010,4165.0,4180.0,4080.0,4125.0,0,0,38900.0,160711000.0,1.0,4165.0,4180.0,4080.0,4125.0,38900.0
2024-09-12,13010,4140.0,4210.0,4130.0,4190.0,0,0,40600.0,169733500.0,1.0,4140.0,4210.0,4130.0,4190.0,40600.0
2024-09-13,13010,4200.0,4240.0,4180.0,4180.0,0,0,53500.0,224993000.0,1.0,4200.0,4240.0,4180.0,4180.0,53500.0
2024-09-17,13010,4195.0,4345.0,4195.0,4325.0,0,0,71200.0,306031500.0,1.0,4195.0,4345.0,4195.0,4325.0,71200.0
2024-09-18,13010,4350.0,4380.0,4310.0,4325.0,0,0,60000.0,260823500.0,1.0,4350.0,4380.0,4310.0,4325.0,60000.0
2024-09-19,13010,4360.0,4445.0,4325.0,4400.0,0,0,60800.0,266479000.0,1.0,4360.0,4445.0,4325.0,4400.0,60800.0
2024-09-20,13010,4500.0,4510.0,4435.0,4510.0,0,0,69300.0,311052000.0,1.0,4500.0,4510.0,4435.0,4510.0,69300.0
2024-09-24,13010,4530.0,4600.0,4470.0,4520.0,0,0,66900.0,303890500.0,1.0,4530.0,4600.0,4470.0,4520.0,66900.0
2024-09-25,13010,4505.0,4505.0,4440.0,4455.0,0,0,37600.0,168057500.0,1.0,4505.0,4505.0,4440.0,4455.0,37600.0
2024-09-26,13010,4480.0,4565.0,4450.0,4560.0,0,0,41600.0,188358000.0,1.0,4480.0,4565.0,4450.0,4560.0,41600.0
2024-09-27,13010,4550.0,4550.0,4420.0,4470.0,0,0,56100.0,250511000.0,1.0,4550.0,4550.0,4420.0,4470.0,56100.0
2024-09-30,13010,4375.0,4400.0,4345.0,4365.0,0,0,45900.0,200593000.0,1.0,4375.0,4400.0,4345.0,4365.0,45900.0
2024-10-01,13010,4395.0,4395.0,4325.0,4355.0,0,0,24300.0,105917000.0,1.0,4395.0,4395.0,4325.0,4355.0,24300.0
2024-10-02,13010,4335.0,4415.0,4320.0,4340.0,0,0,27000.0,117589000.0,1.0,4335.0,4415.0,4320.0,4340.0,27000.0
2024-10-03,13010,4340.0,4375.0,4320.0,4375.0,0,0,18500.0,80550500.0,1.0,4340.0,4375.0,4320.0,4375.0,18500.0
2024-10-04,13010,4355.0,4405.0,4355.0,4385.0,0,0,17400.0,76311500.0,1.0,4355.0,4405.0,4355.0,4385.0,17400.0
2024-10-07,13010,4415.0,4415.0,4355.0,4395.0,0,0,23400.0,102554500.0,1.0,4415.0,4415.0,4355.0,4395.0,23400.0
2024-10-08,13010,4380.0,4400.0,4330.0,4330.0,0,0,22200.0,96807000.0,1.0,4380.0,4400.0,4330.0,4330.0,22200.0
2024-10-09,13010,4350.0,4385.0,4325.0,4350.0,0,0,15400.0,66991000.0,1.0,4350.0,4385.0,4325.0,4350.0,15400.0
2024-10-10,13010,4350.0,4360.0,4320.0,4345.0,0,0,13500.0,58640000.0,1.0,4350.0,4360.0,4320.0,4345.0,13500.0
2024-10-11,13010,4345.0,4360.0,4295.0,4305.0,0,0,15100.0,65204500.0,1.0,4345.0,4360.0,4295.0,4305.0,15100.0
2024-10-15,13010,4305.0,4330.0,4290.0,4320.0,0,0,19700.0,84991000.0,1.0,4305.0,4330.0,4290.0,4320.0,19700.0
2024-10-16,13010,4315.0,4330.0,4260.0,4260.0,0,0,22500.0,96433500.0,1.0,4315.0,4330.0,4260.0,4260.0,22500.0
2024-10-17,13010,4260.0,4265.0,4210.0,4225.0,0,0,30000.0,126972000.0,1.0,4260.0,4265.0,4210.0,4225.0,30000.0
2024-10-18,13010,4270.0,4275.0,4240.0,4265.0,0,0,11900.0,50693500.0,1.0,4270.0,4275.0,4240.0,4265.0,11900.0
2024-10-21,13010,4265.0,4265.0,4180.0,4185.0,0,0,14800.0,62276000.0,1.0,4265.0,4265.0,4180.0,4185.0,14800.0
2024-10-22,13010,4175.0,4175.0,4115.0,4150.0,0,0,17800.0,73808500.0,1.0,4175.0,4175.0,4115.0,4150.0,17800.0
2024-10-23,13010,4180.0,4245.0,4155.0,4170.0,0,0,32100.0,134703000.0,1.0,4180.0,4245.0,4155.0,4170.0,32100.0
2024-10-24,13010,4185.0,4290.0,4185.0,4245.0,0,0,54700.0,232282000.0,1.0,4185.0,4290.0,4185.0,4245.0,54700.0
2024-10-25,13010,4240.0,4240.0,4150.0,4155.0,0,0,22400.0,93666500.0,1.0,4240.0,4240.0,4150.0,4155.0,22400.0
2024-10-28,13010,4125.0,4195.0,4125.0,4170.0,0,0,17800.0,74109000.0,1.0,4125.0,4195.0,4125.0,4170.0,17800.0
2024-10-29,13010,4180.0,4195.0,4165.0,4170.0,0,0,8300.0,34661500.0,1.0,4180.0,4195.0,4165.0,4170.0,8300.0
2024-10-30,13010,4155.0,4165.0,4125.0,4130.0,0,0,28200.0,116647500.0,1.0,4155.0,4165.0,4125.0,4130.0,28200.0
2024-10-31,13010,4125.0,4160.0,4125.0,4145.0,0,0,16300.0,67492000.0,1.0,4125.0,4160.0,4125.0,4145.0,16300.0
2024-11-01,13010,4155.0,4155.0,4075.0,4080.0,0,0,21200.0,86968500.0,1.0,4155.0,4155.0,4075.0,4080.0,21200.0
2024-11-05,13010,4080.0,4125.0,4060.0,4125.0,0,0,15200.0,62221500.0,1.0,4080.0,4125.0,4060.0,4125.0,15200.0
2024-11-06,13010,4125.0,4190.0,4000.0,4035.0,0,0,100400.0,410221000.0,1.0,4125.0,4190.0,4000.0,4035.0,100400.0
2024-11-07,13010,4065.0,4080.0,3995.0,4035.0,0,0,47200.0,190596500.0,1.0,4065.0,4080.0,3995.0,4035.0,47200.0
2024-11-08,13010,4015.0,4065.0,3995.0,4035.0,0,0,43300.0,173969000.0,1.0,4015.0,4065.0,3995.0,4035.0,43300.0
2024-11-11,13010,3995.0,4030.0,3975.0,3975.0,0,0,21800.0,87157500.0,1.0,3995.0,4030.0,3975.0,3975.0,21800.0
2024-11-12,13010,3990.0,4030.0,3990.0,4000.0,0,0,19200.0,76967000.0,1.0,3990.0,4030.0,3990.0,4000.0,19200.0
2024-11-13,13010,4000.0,4015.0,3935.0,3950.0,0,0,48400.0,191944500.0,1.0,4000.0,4015.0,3935.0,3950.0,48400.0
2024-11-14,13010,3950.0,3955.0,3905.0,3930.0,0,0,25800.0,101603500.0,1.0,3950.0,3955.0,3905.0,3930.0,25800.0
2024-11-15,13010,3955.0,3995.0,3940.0,3970.0,0,0,18000.0,71484500.0,1.0,3955.0,3995.0,3940.0,3970.0,18000.0
2024-11-18,13010,3960.0,3990.0,3960.0,3975.0,0,0,14000.0,55600500.0,1.0,3960.0,3990.0,3960.0,3975.0,14000.0
2024-11-19,13010,3995.0,4045.0,3995.0,4030.0,0,0,21100.0,84881000.0,1.0,3995.0,4045.0,3995.0,4030.0,21100.0
2024-11-20,13010,4045.0,4045.0,3975.0,3980.0,0,0,20800.0,83364000.0,1.0,4045.0,4045.0,3975.0,3980.0,20800.0
2024-11-21,13010,3980.0,4000.0,3940.0,3960.0,0,0,16400.0,65018000.0,1.0,3980.0,4000.0,3940.0,3960.0,16400.0
2024-11-22,13010,3945.0,3945.0,3890.0,3940.0,0,0,30400.0,119301000.0,1.0,3945.0,3945.0,3890.0,3940.0,30400.0
2024-11-25,13010,3940.0,3980.0,3935.0,3950.0,0,0,30700.0,121383500.0,1.0,3940.0,3980.0,3935.0,3950.0,30700.0
2024-11-26,13010,3930.0,3965.0,3900.0,3915.0,0,0,23500.0,92175000.0,1.0,3930.0,3965.0,3900.0,3915.0,23500.0
2024-11-27,13010,3935.0,3935.0,3870.0,3890.0,0,0,21500.0,83636500.0,1.0,3935.0,3935.0,3870.0,3890.0,21500.0
2024-11-28,13010,3900.0,3925.0,3895.0,3925.0,0,0,14100.0,55163500.0,1.0,3900.0,3925.0,3895.0,3925.0,14100.0
2024-11-29,13010,3930.0,3950.0,3910.0,3910.0,0,0,13700.0,53863000.0,1.0,3930.0,3950.0,3910.0,3910.0,13700.0
2024-12-02,13010,3910.0,3980.0,3910.0,3970.0,0,0,17200.0,68052000.0,1.0,3910.0,3980.0,3910.0,3970.0,17200.0
2024-12-03,13010,4000.0,4035.0,3980.0,4015.0,0,0,30400.0,121953000.0,1.0,4000.0,4035.0,3980.0,4015.0,30400.0
2024-12-04,13010,4010.0,4025.0,3975.0,3980.0,0,0,25800.0,103165500.0,1.0,4010.0,4025.0,3975.0,3980.0,25800.0
2024-12-05,13010,4020.0,4035.0,4005.0,4015.0,0,0,17900.0,71945000.0,1.0,4020.0,4035.0,4005.0,4015.0,17900.0
2024-12-06,13010,4020.0,4035.0,4000.0,4015.0,0,0,14700.0,59027500.0,1.0,4020.0,4035.0,4000.0,4015.0,14700.0
2024-12-09,13010,4020.0,4055.0,4020.0,4055.0,0,0,25000.0,101065000.0,1.0,4020.0,4055.0,4020.0,4055.0,25000.0
2024-12-10,13010,4095.0,4095.0,4055.0,4060.0,0,0,43400.0,176722000.0,1.0,4095.0,4095.0,4055.0,4060.0,43400.0
2024-12-11,13010,4035.0,4035.0,4005.0,4025.0,0,0,25100.0,100958500.0,1.0,4035.0,4035.0,4005.0,4025.0,25100.0
2024-12-12,13010,4035.0,4135.0,4035.0,4075.0,0,0,52900.0,216015500.0,1.0,4035.0,4135.0,4035.0,4075.0,52900.0
2024-12-13,13010,4065.0,4105.0,4055.0,4070.0,0,0,22700.0,92458500.0,1.0,4065.0,4105.0,4055.0,4070.0,22700.0
2024-12-16,13010,4070.0,4070.0,4015.0,4020.0,0,0,16500.0,66544000.0,1.0,4070.0,4070.0,4015.0,4020.0,16500.0
2024-12-17,13010,4030.0,4040.0,4000.0,4000.0,0,0,11100.0,44598500.0,1.0,4030.0,4040.0,4000.0,4000.0,11100.0
2024-12-18,13010,4000.0,4000.0,3945.0,3950.0,0,0,32800.0,130153500.0,1.0,4000.0,4000.0,3945.0,3950.0,32800.0
2024-12-19,13010,3950.0,4000.0,3945.0,4000.0,0,0,15500.0,61624500.0,1.0,3950.0,4000.0,3945.0,4000.0,15500.0
2024-12-20,13010,4015.0,4025.0,3970.0,3970.0,0,0,16900.0,67509000.0,1.0,4015.0,4025.0,3970.0,3970.0,16900.0
2024-12-23,13010,4015.0,4045.0,4000.0,4025.0,0,0,19600.0,78980500.0,1.0,4015.0,4045.0,4000.0,4025.0,19600.0
2024-12-24,13010,4035.0,4035.0,4005.0,4015.0,0,0,7600.0,30554500.0,1.0,4035.0,4035.0,4005.0,4015.0,7600.0
2024-12-25,13010,4010.0,4015.0,3985.0,4015.0,0,0,19200.0,76838000.0,1.0,4010.0,4015.0,3985.0,4015.0,19200.0
2024-12-26,13010,4015.0,4065.0,4015.0,4065.0,0,0,33100.0,133918000.0,1.0,4015.0,4065.0,4015.0,4065.0,33100.0
2024-12-27,13010,4070.0,4115.0,4070.0,4115.0,0,0,29500.0,121076500.0,1.0,4070.0,4115.0,4070.0,4115.0,29500.0
2024-12-30,13010,4140.0,4175.0,4120.0,4120.0,0,0,32200.0,133463000.0,1.0,4140.0,4175.0,4120.0,4120.0,32200.0
2025-01-06,13010,4120.0,4125.0,4070.0,4100.0,0,0,29700.0,121868000.0,1.0,4120.0,4125.0,4070.0,4100.0,29700.0
2025-01-07,13010,4115.0,4130.0,4055.0,4060.0,0,0,39400.0,161078000.0,1.0,4115.0,4130.0,4055.0,4060.0,39400.0
2025-01-08,13010,4050.0,4050.0,4000.0,4000.0,0,0,29500.0,118539500.0,1.0,4050.0,4050.0,4000.0,4000.0,29500.0
2025-01-09,13010,4020.0,4020.0,3965.0,3975.0,0,0,31400.0,125135000.0,1.0,4020.0,4020.0,3965.0,3975.0,31400.0
2025-01-10,13010,3960.0,3975.0,3945.0,3960.0,0,0,24000.0,94974500.0,1.0,3960.0,3975.0,3945.0,3960.0,24000.0
2025-01-14,13010,3965.0,3965.0,3910.0,3935.0,0,0,32800.0,128947000.0,1.0,3965.0,3965.0,3910.0,3935.0,32800.0
2025-01-15,13010,3935.0,3975.0,3935.0,3960.0,0,0,21500.0,85001500.0,1.0,3935.0,3975.0,3935.0,3960.0,21500.0
2025-01-16,13010,3980.0,3995.0,3950.0,3950.0,0,0,18800.0,74524000.0,1.0,3980.0,3995.0,3950.0,3950.0,18800.0
2025-01-17,13010,3950.0,3955.0,3905.0,3925.0,0,0,25200.0,98941500.0,1.0,3950.0,3955.0,3905.0,3925.0,25200.0
2025-01-20,13010,3965.0,3985.0,3955.0,3980.0,0,0,22200.0,88175000.0,1.0,3965.0,3985.0,3955.0,3980.0,22200.0
2025-01-21,13010,4010.0,4010.0,3980.0,3995.0,0,0,23600.0,94365000.0,1.0,4010.0,4010.0,3980.0,3995.0,23600.0
2025-01-22,13010,3985.0,3990.0,3960.0,3960.0,0,0,25100.0,99634000.0,1.0,3985.0,3990.0,3960.0,3960.0,25100.0
2025-01-23,13010,3950.0,3950.0,3925.0,3945.0,0,0,24000.0,94553000.0,1.0,3950.0,3950.0,3925.0,3945.0,24000.0
2025-01-24,13010,3945.0,3985.0,3945.0,3945.0,0,0,15700.0,62191000.0,1.0,3945.0,3985.0,3945.0,3945.0,15700.0
2025-01-27,13010,3985.0,4025.0,3985.0,4020.0,0,0,23900.0,95730500.0,1.0,3985.0,4025.0,3985.0,4020.0,23900.0
2025-01-28,13010,4055.0,4060.0,4015.0,4030.0,0,0,20700.0,83632500.0,1.0,4055.0,4060.0,4015.0,4030.0,20700.0
2025-01-29,13010,4010.0,4060.0,4010.0,4040.0,0,0,16400.0,66194500.0,1.0,4010.0,4060.0,4010.0,4040.0,16400.0
2025-01-30,13010,4055.0,4100.0,4035.0,4100.0,0,0,27400.0,111759500.0,1.0,4055.0,4100.0,4035.0,4100.0,27400.0
2025-01-31,13010,4115.0,4135.0,4090.0,4135.0,0,0,31400.0,129313000.0,1.0,4115.0,4135.0,4090.0,4135.0,31400.0
2025-02-03,13010,4150.0,4430.0,4100.0,4335.0,0,0,215400.0,925672500.0,1.0,4150.0,4430.0,4100.0,4335.0,215400.0
2025-02-04,13010,4390.0,4435.0,4235.0,4240.0,0,0,70600.0,305470000.0,1.0,4390.0,4435.0,4235.0,4240.0,70600.0
2025-02-05,13010,4245.0,4300.0,4215.0,4260.0,0,0,36600.0,155441500.0,1.0,4245.0,4300.0,4215.0,4260.0,36600.0
2025-02-06,13010,4230.0,4360.0,4205.0,4340.0,0,0,90700.0,389105500.0,1.0,4230.0,4360.0,4205.0,4340.0,90700.0
2025-02-07,13010,4340.0,4350.0,4300.0,4320.0,0,0,26400.0,114139000.0,1.0,4340.0,4350.0,4300.0,4320.0,26400.0
2025-02-10,13010,4320.0,4320.0,4245.0,4250.0,0,0,28000.0,119622000.0,1.0,4320.0,4320.0,4245.0,4250.0,28000.0
2025-02-12,13010,4250.0,4285.0,4225.0,4255.0,0,0,35000.0,149180500.0,1.0,4250.0,4285.0,4225.0,4255.0,35000.0
2025-02-13,13010,4255.0,4280.0,4250.0,4260.0,0,0,20700.0,88265500.0,1.0,4255.0,4280.0,4250.0,4260.0,20700.0
2025-02-14,13010,4265.0,4265.0,4200.0,4210.0,0,0,30400.0,128380500.0,1.0,4265.0,4265.0,4200.0,4210.0,30400.0
2025-02-17,13010,4205.0,4275.0,4195.0,4195.0,0,0,28600.0,120781000.0,1.0,4205.0,4275.0,4195.0,4195.0,28600.0
2025-02-18,13010,4195.0,4215.0,4155.0,4210.0,0,0,28900.0,121163500.0,1.0,4195.0,4215.0,4155.0,4210.0,28900.0
2025-02-19,13010,4190.0,4225.0,4180.0,4185.0,0,0,16300.0,68424500.0,1.0,4190.0,4225.0,4180.0,4185.0,16300.0
2025-02-20,13010,4185.0,4185.0,4130.0,4135.0,0,0,36100.0,149924000.0,1.0,4185.0,4185.0,4130.0,4135.0,36100.0
2025-02-21,13010,4115.0,4125.0,4080.0,4120.0,0,0,40100.0,164656500.0,1.0,4115.0,4125.0,4080.0,4120.0,40100.0
2025-02-25,13010,4120.0,4150.0,4090.0,4105.0,0,0,26800.0,110074500.0,1.0,4120.0,4150.0,4090.0,4105.0,26800.0
2025-02-26,13010,4085.0,4115.0,4055.0,4110.0,0,0,31800.0,129946500.0,1.0,4085.0,4115.0,4055.0,4110.0,31800.0
2025-02-27,13010,4085.0,4135.0,4085.0,4135.0,0,0,18400.0,75609000.0,1.0,4085.0,4135.0,4085.0,4135.0,18400.0
2025-02-28,13010,4120.0,4135.0,4100.0,4120.0,0,0,34300.0,141252000.0,1.0,4120.0,4135.0,4100.0,4120.0,34300.0
2025-03-03,13010,4160.0,4235.0,4155.0,4185.0,0,0,44900.0,187834000.0,1.0,4160.0,4235.0,4155.0,4185.0,44900.0
2025-03-04,13010,4200.0,4230.0,4170.0,4200.0,0,0,32100.0,134680000.0,1.0,4200.0,4230.0,4170.0,4200.0,32100.0
2025-03-05,13010,4180.0,4235.0,4180.0,4205.0,0,0,31900.0,134168500.0,1.0,4180.0,4235.0,4180.0,4205.0,31900.0
2025-03-06,13010,4215.0,4260.0,4215.0,4225.0,0,0,34000.0,144062000.0,1.0,4215.0,4260.0,4215.0,4225.0,34000.0
2025-03-07,13010,4225.0,4255.0,4160.0,4170.0,0,0,54900.0,229798500.0,1.0,4225.0,4255.0,4160.0,4170.0,54900.0
2025-03-10,13010,4180.0,4195.0,4140.0,4150.0,0,0,35700.0,148660500.0,1.0,4180.0,4195.0,4140.0,4150.0,35700.0
2025-03-11,13010,4120.0,4135.0,4080.0,4115.0,0,0,49800.0,204580000.0,1.0,4120.0,4135.0,4080.0,4115.0,49800.0
2025-03-12,13010,4120.0,4145.0,4115.0,4145.0,0,0,19500.0,80612000.0,1.0,4120.0,4145.0,4115.0,4145.0,19500.0
2025-03-13,13010,4145.0,4205.0,4145.0,4175.0,0,0,34400.0,143788500.0,1.0,4145.0,4205.0,4145.0,4175.0,34400.0
2025-03-14,13010,4200.0,4240.0,4200.0,4240.0,0,0,40500.0,170842000.0,1.0,4200.0,4240.0,4200.0,4240.0,40500.0
2025-03-17,13010,4250.0,4285.0,4245.0,4280.0,0,0,37900.0,161418000.0,1.0,4250.0,4285.0,4245.0,4280.0,37900.0
2025-03-18,13010,4295.0,4345.0,4280.0,4335.0,0,0,45800.0,197864000.0,1.0,4295.0,4345.0,4280.0,4335.0,45800.0
2025-03-19,13010,4340.0,4420.0,4320.0,4410.0,0,0,74900.0,327003500.0,1.0,4340.0,4420.0,4320.0,4410.0,74900.0
2025-03-21,13010,4380.0,4460.0,4370.0,4395.0,0,0,67000.0,295150000.0,1.0,4380.0,4460.0,4370.0,4395.0,67000.0
2025-03-24,13010,4380.0,4390.0,4310.0,4320.0,0,0,102400.0,445529500.0,1.0,4380.0,4390.0,4310.0,4320.0,102400.0
2025-03-25,13010,4300.0,4320.0,4270.0,4275.0,0,0,74100.0,318012000.0,1.0,4300.0,4320.0,4270.0,4275.0,74100.0
2025-03-26,13010,4300.0,4305.0,4270.0,4275.0,0,0,73900.0,317078500.0,1.0,4300.0,4305.0,4270.0,4275.0,73900.0
2025-03-27,13010,4270.0,4320.0,4265.0,4310.0,0,0,178900.0,767058500.0,1.0,4270.0,4320.0,4265.0,4310.0,178900.0
2025-03-28,13010,4155.0,4275.0,4155.0,4235.0,0,0,97400.0,410185500.0,1.0,4155.0,4275.0,4155.0,4235.0,97400.0
2025-03-31,13010,4190.0,4215.0,4140.0,4150.0,0,0,54900.0,229152000.0,1.0,4190.0,4215.0,4140.0,4150.0,54900.0
2025-04-01,13010,4185.0,4220.0,4165.0,4185.0,0,0,39300.0,164666500.0,1.0,4185.0,4220.0,4165.0,4185.0,39300.0
2025-04-02,13010,4185.0,4185.0,4125.0,4155.0,0,0,36500.0,151550500.0,1.0,4185.0,4185.0,4125.0,4155.0,36500.0
2025-04-03,13010,4070.0,4090.0,4025.0,4085.0,0,0,51000.0,207262000.0,1.0,4070.0,4090.0,4025.0,4085.0,51000.0
2025-04-04,13010,4000.0,4015.0,3835.0,3930.0,0,0,104900.0,410652000.0,1.0,4000.0,4015.0,3835.0,3930.0,104900.0
2025-04-07,13010,3665.0,3765.0,3615.0,3650.0,0,0,100700.0,371839500.0,1.0,3665.0,3765.0,3615.0,3650.0,100700.0
2025-04-08,13010,3790.0,3920.0,3780.0,3920.0,0,0,94000.0,363251000.0,1.0,3790.0,3920.0,3780.0,3920.0,94000.0
2025-04-09,13010,3850.0,3900.0,3775.0,3870.0,0,0,48200.0,185581000.0,1.0,3850.0,3900.0,3775.0,3870.0,48200.0
2025-04-10,13010,4060.0,4060.0,3985.0,4040.0,0,0,38100.0,153362500.0,1.0,4060.0,4060.0,3985.0,4040.0,38100.0
2025-04-11,13010,3970.0,4020.0,3910.0,4020.0,0,0,51000.0,202395500.0,1.0,3970.0,4020.0,3910.0,4020.0,51000.0
2025-04-14,13010,4040.0,4110.0,4020.0,4085.0,0,0,30600.0,124907000.0,1.0,4040.0,4110.0,4020.0,4085.0,30600.0
2025-04-15,13010,4150.0,4165.0,4080.0,4080.0,0,0,24900.0,102415000.0,1.0,4150.0,4165.0,4080.0,4080.0,24900.0
2025-04-16,13010,4115.0,4130.0,4090.0,4125.0,0,0,23300.0,95907500.0,1.0,4115.0,4130.0,4090.0,4125.0,23300.0
2025-04-17,13010,4120.0,4175.0,4120.0,4165.0,0,0,28900.0,120092000.0,1.0,4120.0,4175.0,4120.0,4165.0,28900.0
2025-04-18,13010,4205.0,4280.0,4185.0,4280.0,0,0,38400.0,163060500.0,1.0,4205.0,4280.0,4185.0,4280.0,38400.0
2025-04-21,13010,4285.0,4320.0,4245.0,4295.0,0,0,28800.0,123384500.0,1.0,4285.0,4320.0,4245.0,4295.0,28800.0
2025-04-22,13010,4290.0,4370.0,4270.0,4360.0,0,0,58100.0,251924500.0,1.0,4290.0,4370.0,4270.0,4360.0,58100.0
2025-04-23,13010,4365.0,4380.0,4340.0,4355.0,0,0,59000.0,257208000.0,1.0,4365.0,4380.0,4340.0,4355.0,59000.0
2025-04-24,13010,4380.0,4380.0,4220.0,4245.0,0,0,42100.0,180797500.0,1.0,4380.0,4380.0,4220.0,4245.0,42100.0
2025-04-25,13010,4190.0,4230.0,4170.0,4220.0,0,0,34600.0,145521500.0,1.0,4190.0,4230.0,4170.0,4220.0,34600.0
2025-04-28,13010,4230.0,4250.0,4200.0,4220.0,0,0,29700.0,125581500.0,1.0,4230.0,4250.0,4200.0,4220.0,29700.0
2025-04-30,13010,4245.0,4245.0,4170.0,4210.0,0,0,35300.0,148302000.0,1.0,4245.0,4245.0,4170.0,4210.0,35300.0
2025-05-01,13010,4205.0,4205.0,4120.0,4120.0,0,0,34200.0,142014500.0,1.0,4205.0,4205.0,4120.0,4120.0,34200.0
2025-05-02,13010,4120.0,4160.0,4085.0,4125.0,0,0,40700.0,168048500.0,1.0,4120.0,4160.0,4085.0,4125.0,40700.0
2025-05-07,13010,4125.0,4335.0,4125.0,4275.0,0,0,116800.0,496035500.0,1.0,4125.0,4335.0,4125.0,4275.0,116800.0
2025-05-08,13010,4305.0,4315.0,4245.0,4285.0,0,0,51500.0,220403000.0,1.0,4305.0,4315.0,4245.0,4285.0,51500.0
2025-05-09,13010,4290.0,4345.0,4285.0,4325.0,0,0,50800.0,219345000.0,1.0,4290.0,4345.0,4285.0,4325.0,50800.0
2025-05-12,13010,4400.0,4695.0,4325.0,4645.0,0,0,729100.0,3304312000.0,1.0,4400.0,4695.0,4325.0,4645.0,729100.0
2025-05-13,13010,4580.0,4675.0,4535.0,4570.0,0,0,140800.0,645232000.0,1.0,4580.0,4675.0,4535.0,4570.0,140800.0
2025-05-14,13010,4540.0,4545.0,4380.0,4500.0,0,0,81600.0,365438000.0,1.0,4540.0,4545.0,4380.0,4500.0,81600.0
2025-05-15,13010,4470.0,4505.0,4400.0,4415.0,0,0,51300.0,227529000.0,1.0,4470.0,4505.0,4400.0,4415.0,51300.0
2025-05-16,13010,4415.0,4415.0,4295.0,4330.0,0,0,68900.0,298075500.0,1.0,4415.0,4415.0,4295.0,4330.0,68900.0
2025-05-19,13010,4315.0,4410.0,4310.0,4400.0,0,0,51500.0,224779500.0,1.0,4315.0,4410.0,4310.0,4400.0,51500.0
2025-05-20,13010,4360.0,4385.0,4320.0,4320.0,0,0,51400.0,223423500.0,1.0,4360.0,4385.0,4320.0,4320.0,51400.0
2025-05-21,13010,4365.0,4380.0,4320.0,4350.0,0,0,37600.0,163686000.0,1.0,4365.0,4380.0,4320.0,4350.0,37600.0
2025-05-22,13010,4315.0,4335.0,4295.0,4310.0,0,0,39100.0,168615500.0,1.0,4315.0,4335.0,4295.0,4310.0,39100.0
2025-05-23,13010,4320.0,4325.0,4295.0,4295.0,0,0,16600.0,71501500.0,1.0,4320.0,4325.0,4295.0,4295.0,16600.0
2025-05-26,13010,4315.0,4375.0,4310.0,4320.0,0,0,28400.0,123035500.0,1.0,4315.0,4375.0,4310.0,4320.0,28400.0
2025-05-27,13010,4340.0,4350.0,4315.0,4350.0,0,0,18200.0,78911000.0,1.0,4340.0,4350.0,4315.0,4350.0,18200.0
2025-05-28,13010,4350.0,4370.0,4305.0,4320.0,0,0,31600.0,137050000.0,1.0,4350.0,4370.0,4305.0,4320.0,31600.0
2025-05-29,13010,4320.0,4350.0,4305.0,4315.0,0,0,31400.0,135710000.0,1.0,4320.0,4350.0,4305.0,4315.0,31400.0
2025-05-30,13010,4330.0,4515.0,4330.0,4485.0,0,0,124200.0,554361000.0,1.0,4330.0,4515.0,4330.0,4485.0,124200.0
2025-06-02,13010,4490.0,4515.0,4455.0,4475.0,0,0,51900.0,232718000.0,1.0,4490.0,4515.0,4455.0,4475.0,51900.0
2025-06-03,13010,4500.0,4530.0,4455.0,4495.0,0,0,44000.0,198049500.0,1.0,4500.0,4530.0,4455.0,4495.0,44000.0
2025-06-04,13010,4535.0,4655.0,4535.0,4640.0,0,0,90500.0,418126500.0,1.0,4535.0,4655.0,4535.0,4640.0,90500.0
2025-06-05,13010,4625.0,4635.0,4540.0,4560.0,0,0,76000.0,347512500.0,1.0,4625.0,4635.0,4540.0,4560.0,76000.0
2025-06-06,13010,4570.0,4585.0,4530.0,4570.0,0,0,60100.0,273934000.0,1.0,4570.0,4585.0,4530.0,4570.0,60100.0
2025-06-09,13010,4610.0,4630.0,4520.0,4540.0,0,0,59800.0,272303000.0,1.0,4610.0,4630.0,4520.0,4540.0,59800.0
2025-06-10,13010,4540.0,4555.0,4480.0,4510.0,0,0,69500.0,313134500.0,1.0,4540.0,4555.0,4480.0,4510.0,69500.0
2025-06-11,13010,4535.0,4550.0,4495.0,4540.0,0,0,44400.0,201081000.0,1.0,4535.0,4550.0,4495.0,4540.0,44400.0
2025-06-12,13010,4550.0,4595.0,4550.0,4580.0,0,0,41000.0,187483000.0,1.0,4550.0,4595.0,4550.0,4580.0,41000.0
2025-06-13,13010,4570.0,4595.0,4510.0,4545.0,0,0,38400.0,174852500.0,1.0,4570.0,4595.0,4510.0,4545.0,38400.0
2025-06-16,13010,4575.0,4610.0,4495.0,4515.0,0,0,46000.0,208466000.0,1.0,4575.0,4610.0,4495.0,4515.0,46000.0
2025-06-17,13010,4510.0,4515.0,4435.0,4445.0,0,0,36500.0,162942000.0,1.0,4510.0,4515.0,4435.0,4445.0,36500.0
2025-06-18,13010,4445.0,4445.0,4415.0,4425.0,0,0,25000.0,110741000.0,1.0,4445.0,4445.0,4415.0,4425.0,25000.0
2025-06-19,13010,4445.0,4450.0,4385.0,4415.0,0,0,37200.0,164165000.0,1.0,4445.0,4450.0,4385.0,4415.0,37200.0
2025-06-20,13010,4410.0,4410.0,4365.0,4385.0,0,0,65100.0,285680000.0,1.0,4410.0,4410.0,4365.0,4385.0,65100.0
